id,종류,이름,위도,경도,주소,자치구,노원구내,구분,실내/실외,규모㎡,좌표정확도,좌표확인,출처,기준일,비고
booth-01,흡연부스,중계동 흡연구역,37.639654,127.065132,서울 노원구 중계동 507 중계근린공원 주차장 내,노원구,예,개방형,실외,52.0,시설 좌표 (구청 데이터),확인,구청 데이터,2026-04-03,"설치년월 원본값 2026-11-01 (기준일보다 미래, 확인 필요)"
booth-02,흡연부스,중계동 흡연구역,37.64044,127.067693,서울 노원구 중계동 508-1 등나무문화공원 주차장 내,노원구,예,밀폐형,실내,16.5,시설 좌표 (구청 데이터),확인,구청 데이터,2026-04-03,"설치년월 원본값 2026-11-01 (기준일보다 미래, 확인 필요)"
booth-03,흡연부스,불암산스포츠타운 흡연부스,37.638597,127.082693,서울 노원구 공릉동 131 불암산스포츠타운 내,노원구,예,밀폐형,,6.0,시설 좌표 (구청 데이터),확인,구청 데이터,2026-04-03,"설치년월 원본값 2026-11-24 (기준일보다 미래, 확인 필요)"
booth-04,흡연부스,육군사관학교 체육관 앞 흡연부스,37.626534,127.096036,서울 노원구 공릉동 1-1 육군사관학교 체육관 앞,노원구,예,밀폐형,,6.0,시설 좌표 (구청 데이터),확인,구청 데이터,2026-04-03,"설치년월 원본값 2026-09-24 (기준일보다 미래, 확인 필요)"
booth-05,흡연부스,수락산스포츠타운 흡연부스,37.668293,127.070887,서울 노원구 상계동 121 수락산스포츠타운 내,노원구,예,밀폐형,,18.0,시설 좌표 (구청 데이터),확인,구청 데이터,2026-04-03,
booth-06,흡연부스,상계동 흡연구역,37.644308,127.058543,서울 노원구 상계동 770-2 마들스포츠타운 내,노원구,예,밀폐형,실내,18.0,시설 좌표 (구청 데이터),확인,구청 데이터,2026-04-03,"설치년월 원본값 2026-04-26 (기준일보다 미래, 확인 필요)"
booth-07,흡연부스,화랑대역 3번 출구 흡연부스,37.620717,127.084153,서울 노원구 공릉동 89-1 화랑대역 3번출구 앞,노원구,예,밀폐형,,18.0,시설 좌표 (구청 데이터),확인,구청 데이터,2026-04-03,"설치년월 원본값 2026-04-25 (기준일보다 미래, 확인 필요)"
booth-08,흡연부스,태릉입구역 5번 출구 흡연부스,37.618537,127.075621,서울 노원구 공릉동 670-31 태릉입구역 5번출구 앞,노원구,예,밀폐형,,18.0,시설 좌표 (구청 데이터),확인,구청 데이터,2026-04-03,"설치년월 원본값 2026-06-25 (기준일보다 미래, 확인 필요)"
booth-09,흡연부스,수락휴양림 흡연부스,37.680383,127.089795,서울 노원구 덕릉로 145길 108 수락휴양림,노원구,예,밀폐형,,6.0,시설 좌표 (구청 데이터),확인,구청 데이터,2026-04-03,"설치년월 원본값 2026-07-25 (기준일보다 미래, 확인 필요)"
booth-10,흡연부스,월계동 흡연구역,37.638751,127.051135,서울 노원구 월계동 산 63-1 초안산스포츠타운 내,노원구,예,밀폐형,실내,18.0,시설 좌표 (구청 데이터),확인,구청 데이터,2026-04-03,
booth-11,흡연구역,상계역 4번 출구 흡연구역,37.66095,127.07344,서울 노원구 동일로 1360,노원구,예,,실외,,역 중심 좌표 (위키백과),확인 필요,이미지(스크린샷),,
booth-12,흡연구역,중계역 3번 출구 흡연구역,37.645,127.06417,서울 노원구 동일로 1159,노원구,예,,실외,,역 중심 좌표 (위키백과),확인 필요,이미지(스크린샷),,
booth-13,흡연구역,하계역 2번 출구 흡연구역,37.6365,127.0679,서울 노원구 동일로 1073,노원구,예,,실외,,"역 중심 추정값, 확인 필요",확인 필요,이미지(스크린샷),,
booth-14,흡연구역,먹골역 1번 출구 흡연구역,37.6107,127.0776,서울 노원구 동일로 1025,노원구,예,,실외,,"역 중심 추정값, 확인 필요",확인 필요,이미지(스크린샷),,
booth-15,흡연구역,노원역 9번 출구 흡연구역,37.6557,127.0613,서울 노원구 상계로 70,노원구,예,,실외,,"역 중심 추정값, 확인 필요",확인 필요,이미지(스크린샷),,
booth-16,흡연구역,노원역 근처 흡연구역,37.653,127.0476,서울 도봉구 노원로 250,도봉구,아니오,,실외,,"창동역 인근 추정값, 확인 필요",확인 필요,이미지(스크린샷),,
booth-17,흡연구역,창동역 1번 출구 흡연구역,37.6531,127.0477,서울 도봉구 마들로 666,도봉구,아니오,,,,"역 중심 추정값, 확인 필요",확인 필요,이미지(스크린샷),,창동역 1번 출구 항목과 같은 곳일 수 있음 / 원본 booth-18 '창동역 1번출구'와 동일 좌표라 합침
